Ricky Monroe,rickym,rickypass,ricky@gmail.com
Alyssa Chandler,alyssac,alyssapass,alyssa@gmail.com
Kevin Peters,kevinp,kevinpass,kevin@gmail.com
Brittany Stanley,brittanys,brittanypass,brittany@gmail.com
Brian Conner,brianc,brianpass,brian@gmail.com
Shannon Griffith,shannong,shannonpass,shannon@gmail.com
Nicole Todd,nicolet,nicolepass,nicole@gmail.com
Ellen Phillips,ellenp,ellenpass,ellen@gmail.com
Cody Norman,codyn,codypass,cody@gmail.com
Dominick Maxwell,dominickm,dominickpass,dominick@gmail.com
Mona Bryan,monab,monapass,mona@gmail.com
Neil Lamb,neill,neilpass,neil@gmail.com
Christy Johnson,christyj,christypass,christy@gmail.com
Elsie Burton,elsieb,elsiepass,elsie@gmail.com
Peggy Collins,peggyc,peggypass,peggy@gmail.com
Pamela Hill,pamelah,pamelapass,pamela@gmail.com
Felix Reese,felixr,felixpass,felix@gmail.com
Matt Schultz,matts,mattpass,matt@gmail.com
Sue Chapman,suec,suepass,sue@gmail.com
Evan Hunt,evanh,evanpass,evan@gmail.com
Mathew Wong,mattheww,matthewpass,matthew@gmail.com
April Phillips,aprilp,aprilpass,april@gmail.com
Brandy Harris,brandyh,brandypass,brandy@gmail.com
Drew Barnett,drewb,drewpass,drew@gmail.com
Kristin Porter,kristinp,kristinpass,kristin@gmail.com
Ivan Valdez,ivanv,ivanpass,ivan@gmail.com
Lynne Banks,lynnb,lynnpass,lynn@gmail.com
Pam	Walker,pamw,pampass,pam@gmail.com
Jordan Taylor,jordant,jordanpass,jordan@gmail.com
Anne Maxwell,annem,annepass,anne@gmail.com